{
  "navigationFallback": {
    "rewrite": "/index.html",
    "exclude": ["/images/*.{png,jpg,gif,ico}", "/css/*"]
  },
  "mimeTypes": {
    ".json": "application/json"
  },
  "globalHeaders": {
    "content-security-policy": "default-src 'self' https://*.azurestaticapps.net https://*.anthropic.com https://*.blob.core.windows.net; script-src 'self' 'unsafe-inline' 'unsafe-eval'; style-src 'self' 'unsafe-inline'; img-src 'self' data: https:; font-src 'self' data:; connect-src 'self' https://*.azurestaticapps.net https://api.anthropic.com https://*.blob.core.windows.net"
  },
  "routes": [
    {
      "route": "/api/*",
      "allowedRoles": ["anonymous"]
    },
    {
      "route": "/*",
      "allowedRoles": ["anonymous"]
    }
  ],
  "responseOverrides": {
    "404": {
      "rewrite": "/index.html",
      "statusCode": 200
    }
  }
}
